GAAAAAAGATAG_2452_GAAAAAAAGATAG,139
CAAAAAAAGTC_3696_CAAAAAAAAGTC,129
CAAAAAAC_7908_CAAAAAAAC,113
CAAAAAATATG_3597_CAAAAAAATATG,111
CAAAAAACT_440_CAAAAAAACT,96
CAAAAAACCT_5231_CAAAAAAACCT,59
GAAAAAATC_2882_GAAAAAAATC,56
CAAAAAACT_7908_CAAAAAAACT,45
CAAAAAAGATC_5291_CAAAAAAAGATC,34
CAAAAAAACCAA_5266_CAAAAAAAACCAA,29
TAAAAAATG_1708_TAAAAAAATG,28
CAAAAAAAT_1544_CAAAAAAAAT,27
CAAAAAAATGC_1544_CAAAAAAAATGC,23
CAAAAAACC_5231_CAAAAAAACC,18
CAAAAAAACC_5266_CAAAAAAAACC,17
CAAAAAAACCA_5266_CAAAAAAAACCA,16
CAAAAAATA_3597_CAAAAAAATA,10
TAAAAAACCAT_9144_TAAAAAAACCAT,9
T_5618_G,8
A_2626_C,8
CAAAAAACAGAG_12313_CAAAAAAACAGAG,7
CAAAAAAAG_3696_CAAAAAAAAG,7
CAAAAAAG_5291_CAAAAAAAG,7
CAAAAAAGA_5291_CAAAAAAAGA,7
GAAAAAAGA_2452_GAAAAAAAGA,7
CAAAAAAAGT_3696_CAAAAAAAAGT,6
GAAAAAAGAT_2452_GAAAAAAAGAT,6
T_595_G,5
CAT_8085_CATAACCATTAAT,4
T_4643_G,4
CAAAAAATAT_3597_CAAAAAAATAT,4
GAAAAAAT_2882_GAAAAAAAT,4
GAAAAAAGATA_2452_GAAAAAAAGATA,4
T_1969_C,4
T_4189_G,4
T_8459_G,3
CAAAAAAC_5231_CAAAAAAAC,3
G_3484_C,3
A_4917_C,3
CAAAAAAC_440_CAAAAAAAC,3
CAAAAAAGAT_5291_CAAAAAAAGAT,3
AAG_13712_AAGAAGCTTATTAAATCGTCTACTATGATTAG,2
T_3165_C,2
CAAAAAAATGG_36_CAAAAAAAATGG,2
CAAAAAACT_440_CAAAAAAAACT,2
T_2535_C,2
G_5179_C,2
CT_7565_CG,2
CAAAAAAATG_1544_CAAAAAAAATG,2
T_5496_C,2
GAAAAAAG_2452_GAAAAAAAG,2
C_2544_T,2
CAAAAAAT_3597_CAAAAAAAT,2
TAAAAAAT_1708_TAAAAAAAT,2
C_4106_T,1
G_4514_A,1
C_5016_A,1
C_5011_A,1
C_4947_T,1
C_4929_T,1
C_4857_A,1
A_4539_G,1
C_4500_T,1
A_5297_G,1
C_4475_T,1
A_4334_G,1
C_4056_T,1
A_3865_G,1
A_3637_G,1
T_3631_C,1
T_3619_C,1
C_5262_A,1
T_5908_C,1
T_5697_C,1
C_5850_T,1
A_13450_C,1
A_13263_G,1
T_3328_A,1
G_13245_A,1
A_13233_G,1
C_12109_A,1
A_8252_C,1
T_7970_C,1
T_4870_C,1
G_587_A,1
T_7593_C,1
T_2330_G,1
C_5952_T,1
A_3031_G,1
T_4979_C,1
G_3361_A,1
C_5375_T,1
C_3250_T,1
C_3091_T,1
G_5389_A,1
C_5192_T,1
A_13409_G,1
C_10717_T,1
G_1424_A,1
T_1124_G,1
TAAAACT_572_TAAAAAACT,1
T_702_C,1
G_7014_A,1
C_5674_T,1
T_2750_C,1
T_2560_C,1
G_8860_A,1
G_10846_A,1
C_933_T,1
G_662_A,1
T_4554_C,1
C_2731_T,1
G_96_A,1
T_119_C,1
A_1331_G,1
A_2552_G,1
C_2425_A,1
T_2398_C,1
C_2129_T,1
T_1926_C,1
A_1568_G,1
G_1397_A,1
T_783_A,1
C_194_T,1
C_726_T,1
C_623_A,1
G_580_A,1
A_541_T,1
C_467_T,1
C_419_T,1
G_227_A,1
C_852_T,1
