C_14208_A,79
C_14261_T,78
T_10066_C,70
A_547_T,63
T_1290_C,63
C_7884_T,61
TCA_13585_TA,61
G_2551_A,59
G_2259_A,54
A_2498_C,44
G_9919_A,41
TAC_14147_TGAC,30
T_1882_A,26
C_15012_T,26
T_3134_A,22
CAAAAAACT_7908_CAAAAAAACT,22
T_3141_A,19
T_5386_A,18
T_3153_A,18
T_5309_A,17
TAAAAAACCAT_9144_TAAAAAAACCAT,16
G_13020_T,16
A_3150_C,16
T_5401_C,16
T_2860_C,15
T_917_G,15
G_3168_A,15
T_5401_A,15
C_7196_T,15
C_3169_A,11
T_5423_A,11
T_5398_A,11
T_5438_A,11
A_13592_T,11
T_5515_C,11
T_3173_A,11
T_5281_A,10
T_5498_C,10
T_5423_C,10
T_5300_A,10
G_5427_A,10
A_3196_C,9
G_5110_A,9
G_5419_A,9
G_5419_C,9
C_3138_A,9
G_5399_A,9
C_12643_T,9
T_3155_A,8
C_5585_A,8
C_3187_A,8
T_5080_A,8
T_3155_C,8
G_3168_C,8
G_5437_A,8
T_5144_A,8
G_3183_A,8
A_3309_C,7
C_3188_T,7
G_5389_A,7
T_3153_G,7
C_12637_T,7
G_3112_A,6
T_3134_C,6
T_5393_A,6
AGT_5436_ACATCCGGT,6
A_3171_C,6
G_4561_T,6
A_2342_C,6
T_9480_A,6
C_3137_A,6
T_3181_C,6
G_3190_T,6
C_4869_G,5
T_5365_A,5
T_5240_A,5
A_4425_T,5
AAAA_3192_AAAC,5
T_5147_A,5
C_3170_A,5
T_3153_C,5
G_2932_A,5
T_5398_C,5
A_7751_G,5
T_5452_A,5
G_5142_A,5
AGT_11195_AGAATGT,4
A_2634_C,4
AG_3167_AA,4
C_7194_T,4
T_5457_C,4
G_3191_T,4
T_5452_C,4
G_5328_A,4
T_4930_C,4
C_3175_A,4
T_5145_A,4
G_5285_A,4
T_1197_C,4
C_1590_A,4
T_5309_C,4
T_751_A,4
T_5438_C,3
C_3143_A,3
C_3135_A,3
A_3177_C,3
T_5571_C,3
C_3174_A,3
G_5566_T,3
A_5564_C,3
G_4674_T,3
G_5418_A,3
T_5050_C,3
G_5089_A,3
T_5141_A,3
ATC_3152_ATTC,3
C_2344_A,3
T_5040_C,3
CAAAAAAAGATG_3213_CAAAAAAAAGATG,3
T_5147_C,3
C_7875_T,3
C_5192_T,3
A_5528_G,2
G_4863_T,2
T_13358_G,2
A_1123_G,2
G_5089_C,2
G_5261_A,2
A_3172_C,2
C_3166_T,2
C_3166_A,2
C_5032_G,2
T_5300_C,2
G_3191_A,2
T_3234_A,2
T_4497_C,2
T_8589_C,2
C_5567_A,2
C_6005_A,2
T_4864_A,2
T_5466_C,2
G_5345_A,2
T_5040_A,2
G_3538_A,2
C_3499_T,2
T_8658_A,2
G_3183_C,2
G_5154_A,2
C_3146_A,2
G_5418_C,2
T_5007_C,2
A_2245_T,2
CAAAAAAC_7908_CAAAAAAAC,2
A_4872_C,2
C_5540_T,2
TCAATG_8292_TCAAGCAATG,2
G_5331_A,2
T_3141_C,2
G_6252_T,2
C_3154_A,2
G_8205_A,2
T_8167_A,2
T_8206_A,2
G_5437_C,2
T_5146_A,2
AG_3167_AC,2
T_14763_A,2
G_2492_T,2
A_2537_T,2
C_3139_A,2
T_2488_A,2
T_4233_G,2
G_8208_A,2
T_2471_A,2
T_5575_C,2
C_4934_T,2
C_4232_T,2
T_4231_A,2
C_5044_T,1
A_1119_G,1
G_1994_A,1
C_2130_T,1
T_12673_C,1
C_4529_T,1
T_5302_C,1
C_3508_T,1
G_2422_A,1
A_594_G,1
G_4845_A,1
T_13780_C,1
C_5850_T,1
C_6145_T,1
T_9892_C,1
C_4566_T,1
A_2255_G,1
A_14662_G,1
T_13099_C,1
A_10942_G,1
A_9799_G,1
C_9679_T,1
T_8375_C,1
C_5380_T,1
C_5255_T,1
T_1033_C,1
G_1259_T,1
G_1397_A,1
A_5003_T,1
C_4943_T,1
A_4164_G,1
T_4162_A,1
C_3778_T,1
T_1880_C,1
G_10999_A,1
T_13102_C,1
C_4501_T,1
A_13377_G,1
G_5508_A,1
AA_3144_AG,1
G_2225_A,1
G_4022_A,1
ATCC_3172_ATCT,1
T_5496_C,1
A_5573_G,1
G_2495_A,1
G_14852_A,1
G_3754_A,1
C_8189_A,1
A_14539_G,1
C_14212_T,1
A_13758_G,1
T_13681_A,1
T_10772_C,1
