C_9859_T,39
C_9858_T,38
G_13023_T,35
A_9845_G,24
T_13019_A,21
G_13020_T,20
G_13022_T,17
A_99_G,16
A_14468_G,15
A_14467_T,14
G_13022_A,14
C_10148_A,14
G_103_T,13
A_15005_T,12
G_13021_T,12
T_100_G,11
G_13021_A,11
A_99_T,11
T_13834_A,11
T_13019_C,10
A_13017_T,9
C_104_T,9
T_13019_G,9
GTTAC_13110_GTTTAC,9
A_14632_C,9
A_4917_C,9
A_14469_G,7
T_13018_A,7
C_399_A,7
A_13017_G,7
G_102_T,7
ACAT_10149_ACAC,6
A_1859_G,6
A_1863_G,6
ACCAT_2660_ACCCAT,6
T_7880_C,6
A_2866_G,5
T_3087_C,5
T_10059_G,5
A_14467_G,5
G_103_A,5
C_6198_T,4
G_13020_A,4
C_14475_T,4
A_15003_T,4
T_9848_G,4
G_13023_A,4
C_14299_A,4
A_9851_T,4
A_8059_C,4
GAATC_2411_GAAATC,3
A_14632_T,3
ACA_14930_ACCA,3
A_9850_T,3
C_8288_A,3
A_14686_G,3
C_3097_A,3
T_8244_C,3
GTTTTTAAG_14134_GTTTTTTAAG,3
G_98_A,3
T_4954_C,3
T_6593_A,3
T_6595_A,3
CGGTT_9530_CGGGTT,3
A_15008_C,3
A_2434_G,3
G_4951_A,3
T_4949_G,3
T_8243_C,3
A_4927_C,3
A_7625_G,2
A_3556_C,2
A_7616_G,2
ACA_6477_ACCA,2
C_6603_A,2
A_7605_G,2
C_400_A,2
A_6107_C,2
C_638_A,2
CAT_10150_CAC,2
C_3091_A,2
C_3228_T,2
A_3092_T,2
T_9856_G,2
A_3098_C,2
C_223_T,2
G_4957_C,2
A_13015_T,2
ATG_99_AG,2
ATG_99_GTG,2
AGT_7074_AGGT,2
C_12416_T,2
G_98_T,2
A_3090_C,2
TAAAATTTT_10179_TAAAAATTTT,2
C_3094_A,2
A_13406_T,2
AA_14467_GA,2
T_100_C,2
A_13113_T,2
A_13120_G,2
A_7705_G,2
T_100_A,2
A_7606_G,2
T_13018_C,1
G_14284_A,1
T_3089_C,1
